{
  "provider_name": "Puget Sound Energy",
  "provider_website": "pse.com",
  "provider_customer_service_phone": "1-888-225-5773",
  "provider_customer_service_email": "customercare@pse.com",
  "provider_address": null,
  "provider_return_address": "Puget Sound Energy P.O. BOX 91269 Bellevue, WA 98009-9269",
  "account_number": "200001367479",
  "account_type": "Gas",
  "customer_name": "VICTOR LIFF",
  "service_address": "515 14TH AVE E, Seattle",
  "billing_address": "VICTOR LIFF C/O GRESHAM APTS AND CORNELL 2633 EASTLAKE AVE E STE 307 SEATTLE WA 98102-3231",
  "bill_date": "December 5, 2025",
  "bill_number": null,
  "bill_type": null,
  "total_amount_due_date": "December 26, 2025",
  "number_of_days": "29",
  "service_days": "29",
  "description": null,
  "previous_balance": "0.00",
  "current_billing": "1797.34",
  "total_amount_due": "1797.34",
  "balance": null,
  "payments_applied": [
    {
      "payment_date": "November 20, 2025",
      "payment_amount": "1777.03"
    }
  ],
  "contact_info": {
    "website": "pse.com",
    "email": "customercare@pse.com",
    "phone_number": "1-888-225-5773"
  },
  "late_payment_fee": {
    "percentage": "1%",
    "description": "A late payment fee of 1% per month will apply to past due charges, if any, and amounts unpaid more than 10 business days after the statement due date."
  },
  "late_fee_info": {
    "latefee_applied": null,
    "latefee_date": null,
    "latefee_amount": null,
    "latefee_by_duedate_percentage": null,
    "latefee_by_duedate": null,
    "total_amount_with_latefee_by_duedate": null
  },
  "meters": [
    {
      "meter_number": "643221",
      "service_type": "gas",
      "start_date": "11/5",
      "service_from_date": "11/5",
      "start_read": "31553",
      "previous_reading": "31553",
      "previous_reading_type": "Actual",
      "end_date": "12/4",
      "service_to_date": "12/4",
      "end_read": "32662",
      "current_reading": "32662",
      "current_reading_type": "Actual",
      "multiplier": "1.119999",
      "usage": "1242.079",
      "uom": "Therms",
      "meter_read_type": "Actual",
      "charge_details": [
        {
          "category": "Basic Charge",
          "description": "Basic Charge",
          "rate": null,
          "rate_x_unit": "$50.56 per month",
          "charge": "50.56",
          "amount": "50.56"
        },
        {
          "category": "Delivery Charge",
          "description": "Delivery Charge",
          "rate": null,
          "rate_x_unit": "0.913190 x 1,242.079 Therms",
          "charge": "1134.25",
          "amount": "1134.25"
        },
        {
          "category": "Gas Cost",
          "description": "Gas Cost",
          "rate": null,
          "rate_x_unit": "0.425310 x 1,242.079 Therms",
          "charge": "528.27",
          "amount": "528.27"
        },
        {
          "category": "Gas Cons. Program Charge",
          "description": "Gas Cons. Program Charge",
          "rate": null,
          "rate_x_unit": "0.042960 x 1,242.079 Therms",
          "charge": "53.36",
          "amount": "53.36"
        }
      ],
      "other_charges_and_credits": [
        {
          "category": "Merger Credit",
          "description": "Merger Credit",
          "rate": null,
          "rate_x_unit": "0.000000 x 1,242.079 Therms",
          "charge": "0.00",
          "amount": "0.00"
        },
        {
          "category": "State Carbon Reduction Credit",
          "description": "State Carbon Reduction Credit",
          "rate": null,
          "rate_x_unit": "-79.690000",
          "charge": "-68.70",
          "amount": "-68.70"
        },
        {
          "category": "State Carbon Reduction Credit",
          "description": "State Carbon Reduction Credit",
          "rate": null,
          "rate_x_unit": "-97.760000 x 1",
          "charge": "-13.48",
          "amount": "-13.48"
        }
      ],
      "taxes": [
        {
          "description": "Effect of Seattle City Tax",
          "rate": "6.714%",
          "charge": "113.08"
        },
        {
          "description": "State Utility Tax",
          "rate": "3.852%",
          "charge": "0.00"
        }
      ],
      "total_current_gas_charges": "1797.34"
    }
  ],
  "service_types": [
    {
      "service_name": "gas Service - Meter 643221",
      "current_service": "1797.34",
      "service_from_date": "11/5",
      "service_to_date": "12/4",
      "previous_reading": "31553",
      "current_reading": "32662",
      "line_item_charges": [
        {
          "category": "Basic Charge",
          "description": "Basic Charge",
          "rate": null,
          "amount": "50.56",
          "meter_number": "643221",
          "usage": "1242.079",
          "uom": "Therms",
          "previous_reading": "31553",
          "previous_reading_type": "Actual",
          "current_reading": "32662",
          "current_reading_type": "Actual",
          "usage_multiplier": "1.119999"
        },
        {
          "category": "Delivery Charge",
          "description": "Delivery Charge",
          "rate": null,
          "amount": "1134.25",
          "meter_number": "643221",
          "usage": "1242.079",
          "uom": "Therms",
          "previous_reading": "31553",
          "previous_reading_type": "Actual",
          "current_reading": "32662",
          "current_reading_type": "Actual",
          "usage_multiplier": "1.119999"
        },
        {
          "category": "Gas Cost",
          "description": "Gas Cost",
          "rate": null,
          "amount": "528.27",
          "meter_number": "643221",
          "usage": "1242.079",
          "uom": "Therms",
          "previous_reading": "31553",
          "previous_reading_type": "Actual",
          "current_reading": "32662",
          "current_reading_type": "Actual",
          "usage_multiplier": "1.119999"
        },
        {
          "category": "Gas Cons. Program Charge",
          "description": "Gas Cons. Program Charge",
          "rate": null,
          "amount": "53.36",
          "meter_number": "643221",
          "usage": "1242.079",
          "uom": "Therms",
          "previous_reading": "31553",
          "previous_reading_type": "Actual",
          "current_reading": "32662",
          "current_reading_type": "Actual",
          "usage_multiplier": "1.119999"
        },
        {
          "category": "Merger Credit",
          "description": "Merger Credit",
          "rate": null,
          "amount": "0.00",
          "meter_number": "643221",
          "usage": "1242.079",
          "uom": "Therms",
          "previous_reading": "31553",
          "previous_reading_type": "Actual",
          "current_reading": "32662",
          "current_reading_type": "Actual",
          "usage_multiplier": "1.119999"
        },
        {
          "category": "State Carbon Reduction Credit",
          "description": "State Carbon Reduction Credit",
          "rate": null,
          "amount": "-68.70",
          "meter_number": "643221",
          "usage": "1242.079",
          "uom": "Therms",
          "previous_reading": "31553",
          "previous_reading_type": "Actual",
          "current_reading": "32662",
          "current_reading_type": "Actual",
          "usage_multiplier": "1.119999"
        },
        {
          "category": "State Carbon Reduction Credit",
          "description": "State Carbon Reduction Credit",
          "rate": null,
          "amount": "-13.48",
          "meter_number": "643221",
          "usage": "1242.079",
          "uom": "Therms",
          "previous_reading": "31553",
          "previous_reading_type": "Actual",
          "current_reading": "32662",
          "current_reading_type": "Actual",
          "usage_multiplier": "1.119999"
        },
        {
          "category": "Effect of Seattle City Tax",
          "description": "Effect of Seattle City Tax",
          "rate": "6.714%",
          "amount": "113.08",
          "meter_number": "643221",
          "usage": null,
          "uom": null,
          "previous_reading": null,
          "previous_reading_type": null,
          "current_reading": null,
          "current_reading_type": null,
          "usage_multiplier": null
        },
        {
          "category": "State Utility Tax",
          "description": "State Utility Tax",
          "rate": "3.852%",
          "amount": "0.00",
          "meter_number": "643221",
          "usage": null,
          "uom": null,
          "previous_reading": null,
          "previous_reading_type": null,
          "current_reading": null,
          "current_reading_type": null,
          "usage_multiplier": null
        }
      ],
      "current_service_validation": {
        "is_valid": true,
        "current_service_amount": 1797.34,
        "line_items_total": 1797.3399999999997,
        "difference": 0.0,
        "line_items": [
          {
            "category": "Basic Charge",
            "amount": 50.56
          },
          {
            "category": "Delivery Charge",
            "amount": 1134.25
          },
          {
            "category": "Gas Cost",
            "amount": 528.27
          },
          {
            "category": "Gas Cons. Program Charge",
            "amount": 53.36
          },
          {
            "category": "Merger Credit",
            "amount": 0.0
          },
          {
            "category": "State Carbon Reduction Credit",
            "amount": -68.7
          },
          {
            "category": "State Carbon Reduction Credit",
            "amount": -13.48
          },
          {
            "category": "Effect of Seattle City Tax",
            "amount": 113.08
          },
          {
            "category": "State Utility Tax",
            "amount": 0.0
          }
        ],
        "reason": "Line items ($1797.34) matches Current Service ($1797.34)"
      }
    }
  ],
  "taxes": {
    "per_service_taxes": [],
    "global_taxes": []
  },
  "current_adjustments": null,
  "payment_information": {
    "payment_date": null,
    "payment_amount": null
  },
  "adjustments": [],
  "billing_validation": {
    "is_valid": true,
    "total_amount_due": 1797.34,
    "meters_total": 1797.34,
    "difference": 0.0,
    "meters": [
      {
        "meter_number": "643221",
        "amount": 1797.34
      }
    ],
    "reason": "Sum of all meters ($1797.34) matches Total Amount Due ($1797.34)"
  },
  "source_file": "200001367479.pdf"
}