{
  "provider_name": "Puget Sound Energy",
  "provider_website": "pse.com",
  "provider_customer_service_phone": "1-888-225-5773",
  "provider_customer_service_email": "customercare@pse.com",
  "provider_address": null,
  "provider_return_address": "P.O. BOX 91269, Bellevue, WA 98009-9269",
  "account_number": "200004766404",
  "account_type": "Gas",
  "customer_name": "SEWARD ASSOC LLC",
  "service_address": "215 13TH AVE E, Seattle",
  "billing_address": "2633 EASTLAKE AVE E STE 307, SEATTLE WA 98102-3231",
  "bill_date": "December 5, 2025",
  "bill_number": null,
  "bill_type": null,
  "total_amount_due_date": "December 26, 2025",
  "number_of_days": "29",
  "service_days": "29",
  "description": null,
  "previous_balance": "0.00",
  "current_billing": "1968.83",
  "total_amount_due": "1968.83",
  "balance": null,
  "payments_applied": [
    {
      "payment_date": "November 14, 2025",
      "payment_amount": "1024.97"
    },
    {
      "payment_date": "November 20, 2025",
      "payment_amount": "1872.12"
    }
  ],
  "contact_info": {
    "website": "pse.com",
    "email": "customercare@pse.com",
    "phone_number": "1-888-225-5773"
  },
  "late_payment_fee": {
    "percentage": "1%",
    "description": "A late payment fee of 1% per month will apply to past due charges, if any, and amounts unpaid more than 10 business days after the statement due date."
  },
  "late_fee_info": {
    "latefee_applied": null,
    "latefee_date": null,
    "latefee_amount": null,
    "latefee_by_duedate_percentage": null,
    "latefee_by_duedate": null,
    "total_amount_with_latefee_by_duedate": null
  },
  "meters": [
    {
      "meter_number": "952624",
      "service_type": "Gas",
      "start_date": "November 5, 2025",
      "service_from_date": "November 5, 2025",
      "start_read": "36488",
      "previous_reading": "36488",
      "previous_reading_type": "Estimated",
      "end_date": "December 4, 2025",
      "service_to_date": "December 4, 2025",
      "end_read": "37015.94",
      "current_reading": "37015.94",
      "current_reading_type": "Estimated",
      "multiplier": "1.2000",
      "usage": "591.293",
      "uom": "Therms",
      "meter_read_type": "Estimated",
      "charge_details": [
        {
          "category": "Basic Charge",
          "description": "Basic Charge",
          "rate": null,
          "rate_x_unit": "50.56 per month",
          "charge": "50.56",
          "amount": "50.56"
        },
        {
          "category": "Natural Gas Delivery Charges",
          "description": "Delivery Charge",
          "rate": null,
          "rate_x_unit": "0.913190 x 1,358.396 Therms",
          "charge": "1240.48",
          "amount": "1240.48"
        },
        {
          "category": "Natural Gas Delivery Charges",
          "description": "Gas Cost",
          "rate": null,
          "rate_x_unit": "0.425310 x 1,358.396 Therms",
          "charge": "577.74",
          "amount": "577.74"
        },
        {
          "category": "Natural Gas Delivery Charges",
          "description": "Gas Cons. Program Charge",
          "rate": null,
          "rate_x_unit": "0.042960 x 1,358.396 Therms",
          "charge": "58.36",
          "amount": "58.36"
        }
      ],
      "other_charges_and_credits": [
        {
          "category": "Other Natural Gas Charges & Credits",
          "description": "Merger Credit",
          "rate": null,
          "rate_x_unit": "0.000000 x 1,358.396 Therms",
          "charge": "0.00",
          "amount": "0.00"
        },
        {
          "category": "Other Natural Gas Charges & Credits",
          "description": "State Carbon Reduction Credit (11/6/2025 - 11/30/2025)",
          "rate": null,
          "rate_x_unit": "-79.690000 x 1",
          "charge": "-68.70",
          "amount": "-68.70"
        },
        {
          "category": "Other Natural Gas Charges & Credits",
          "description": "State Carbon Reduction Credit (12/1/2025 - 12/4/2025)",
          "rate": null,
          "rate_x_unit": "-97.760000 x 1",
          "charge": "-13.48",
          "amount": "-13.48"
        }
      ],
      "taxes": [
        {
          "description": "Effect of Seattle City Tax",
          "rate": "6.714%",
          "charge": "123.87"
        },
        {
          "description": "State Utility Tax ($75.84 included in above charges)",
          "rate": "3.852%",
          "charge": "0.00"
        }
      ],
      "total_current_Gas_charges": "1968.83"
    },
    {
      "meter_number": "1204933",
      "service_type": "Gas",
      "start_date": "November 5, 2025",
      "service_from_date": "November 5, 2025",
      "start_read": "2115",
      "previous_reading": "2115",
      "previous_reading_type": "Estimated",
      "end_date": "December 4, 2025",
      "service_to_date": "December 4, 2025",
      "end_read": "2799.914",
      "current_reading": "2799.914",
      "current_reading_type": "Estimated",
      "multiplier": "1.119999",
      "usage": "767.103",
      "uom": "Therms",
      "meter_read_type": "Estimated"
    }
  ],
  "service_types": [
    {
      "service_name": "Gas Service - Meter 952624",
      "current_service": "1968.83",
      "service_from_date": "November 5, 2025",
      "service_to_date": "December 4, 2025",
      "previous_reading": "36488",
      "current_reading": "37015.94",
      "line_item_charges": [
        {
          "category": "Basic Charge",
          "description": "Basic Charge",
          "rate": null,
          "amount": "50.56",
          "meter_number": "952624",
          "usage": "591.293",
          "uom": "Therms",
          "previous_reading": "36488",
          "previous_reading_type": "Estimated",
          "current_reading": "37015.94",
          "current_reading_type": "Estimated",
          "usage_multiplier": "1.2000"
        },
        {
          "category": "Natural Gas Delivery Charges",
          "description": "Delivery Charge",
          "rate": null,
          "amount": "1240.48",
          "meter_number": "952624",
          "usage": "591.293",
          "uom": "Therms",
          "previous_reading": "36488",
          "previous_reading_type": "Estimated",
          "current_reading": "37015.94",
          "current_reading_type": "Estimated",
          "usage_multiplier": "1.2000"
        },
        {
          "category": "Natural Gas Delivery Charges",
          "description": "Gas Cost",
          "rate": null,
          "amount": "577.74",
          "meter_number": "952624",
          "usage": "591.293",
          "uom": "Therms",
          "previous_reading": "36488",
          "previous_reading_type": "Estimated",
          "current_reading": "37015.94",
          "current_reading_type": "Estimated",
          "usage_multiplier": "1.2000"
        },
        {
          "category": "Natural Gas Delivery Charges",
          "description": "Gas Cons. Program Charge",
          "rate": null,
          "amount": "58.36",
          "meter_number": "952624",
          "usage": "591.293",
          "uom": "Therms",
          "previous_reading": "36488",
          "previous_reading_type": "Estimated",
          "current_reading": "37015.94",
          "current_reading_type": "Estimated",
          "usage_multiplier": "1.2000"
        },
        {
          "category": "Other Natural Gas Charges & Credits",
          "description": "Merger Credit",
          "rate": null,
          "amount": "0.00",
          "meter_number": "952624",
          "usage": "591.293",
          "uom": "Therms",
          "previous_reading": "36488",
          "previous_reading_type": "Estimated",
          "current_reading": "37015.94",
          "current_reading_type": "Estimated",
          "usage_multiplier": "1.2000"
        },
        {
          "category": "Other Natural Gas Charges & Credits",
          "description": "State Carbon Reduction Credit (11/6/2025 - 11/30/2025)",
          "rate": null,
          "amount": "-68.70",
          "meter_number": "952624",
          "usage": "591.293",
          "uom": "Therms",
          "previous_reading": "36488",
          "previous_reading_type": "Estimated",
          "current_reading": "37015.94",
          "current_reading_type": "Estimated",
          "usage_multiplier": "1.2000"
        },
        {
          "category": "Other Natural Gas Charges & Credits",
          "description": "State Carbon Reduction Credit (12/1/2025 - 12/4/2025)",
          "rate": null,
          "amount": "-13.48",
          "meter_number": "952624",
          "usage": "591.293",
          "uom": "Therms",
          "previous_reading": "36488",
          "previous_reading_type": "Estimated",
          "current_reading": "37015.94",
          "current_reading_type": "Estimated",
          "usage_multiplier": "1.2000"
        },
        {
          "category": "Effect of Seattle City Tax",
          "description": "Effect of Seattle City Tax",
          "rate": "6.714%",
          "amount": "123.87",
          "meter_number": "952624",
          "usage": null,
          "uom": null,
          "previous_reading": null,
          "previous_reading_type": null,
          "current_reading": null,
          "current_reading_type": null,
          "usage_multiplier": null
        },
        {
          "category": "State Utility Tax ($75.84 included in above charges)",
          "description": "State Utility Tax ($75.84 included in above charges)",
          "rate": "3.852%",
          "amount": "0.00",
          "meter_number": "952624",
          "usage": null,
          "uom": null,
          "previous_reading": null,
          "previous_reading_type": null,
          "current_reading": null,
          "current_reading_type": null,
          "usage_multiplier": null
        }
      ],
      "current_service_validation": {
        "is_valid": true,
        "current_service_amount": 1968.83,
        "line_items_total": 1968.83,
        "difference": 0.0,
        "line_items": [
          {
            "category": "Basic Charge",
            "amount": 50.56
          },
          {
            "category": "Natural Gas Delivery Charges",
            "amount": 1240.48
          },
          {
            "category": "Natural Gas Delivery Charges",
            "amount": 577.74
          },
          {
            "category": "Natural Gas Delivery Charges",
            "amount": 58.36
          },
          {
            "category": "Other Natural Gas Charges & Credits",
            "amount": 0.0
          },
          {
            "category": "Other Natural Gas Charges & Credits",
            "amount": -68.7
          },
          {
            "category": "Other Natural Gas Charges & Credits",
            "amount": -13.48
          },
          {
            "category": "Effect of Seattle City Tax",
            "amount": 123.87
          },
          {
            "category": "State Utility Tax ($75.84 included in above charges)",
            "amount": 0.0
          }
        ],
        "reason": "Line items ($1968.83) matches Current Service ($1968.83)"
      }
    }
  ],
  "taxes": {
    "per_service_taxes": [],
    "global_taxes": []
  },
  "current_adjustments": null,
  "payment_information": {
    "payment_date": null,
    "payment_amount": null
  },
  "adjustments": [],
  "billing_validation": {
    "is_valid": true,
    "total_amount_due": 1968.83,
    "meters_total": 1968.83,
    "difference": 0.0,
    "meters": [
      {
        "meter_number": "952624",
        "amount": 1968.83
      }
    ],
    "reason": "Sum of all meters ($1968.83) matches Total Amount Due ($1968.83)"
  },
  "source_file": "200004766404.pdf"
}