{
  "provider_name": "Puget Sound Energy",
  "provider_website": "pse.com",
  "provider_customer_service_phone": "1-888-225-5773",
  "provider_customer_service_email": "customercare@pse.com",
  "provider_address": null,
  "provider_return_address": "P.O. BOX 91269 Bellevue, WA 98009-9269",
  "account_number": "200021277161",
  "account_type": "gas",
  "customer_name": "QUALMAN BUILDING LLC",
  "service_address": "1421 15TH AVE, Seattle",
  "billing_address": "2633 EASTLAKE AVE E STE 307 SEATTLE WA 98102-3231",
  "bill_date": "December 3, 2025",
  "bill_number": null,
  "bill_type": null,
  "total_amount_due_date": "December 23, 2025",
  "number_of_days": "29",
  "service_days": "29",
  "description": null,
  "previous_balance": "0.00",
  "current_billing": "2311.59",
  "total_amount_due": "2311.59",
  "balance": null,
  "payments_applied": [
    {
      "payment_date": "November 20, 2025",
      "payment_amount": "1868.22"
    }
  ],
  "contact_info": {
    "website": "pse.com",
    "email": "customercare@pse.com",
    "phone_number": "1-888-225-5773"
  },
  "late_payment_fee": {
    "percentage": "1%",
    "description": "A late payment fee of 1% per month will apply to past due charges, if any, and amounts unpaid more than 10 business days after the statement due date."
  },
  "late_fee_info": {
    "latefee_applied": null,
    "latefee_date": null,
    "latefee_amount": null,
    "latefee_by_duedate_percentage": null,
    "latefee_by_duedate": null,
    "total_amount_with_latefee_by_duedate": null
  },
  "meters": [
    {
      "meter_number": "771227",
      "service_type": "gas",
      "start_date": "11/3",
      "service_from_date": "11/3",
      "start_read": "90506",
      "previous_reading": "90506",
      "previous_reading_type": "Actual",
      "end_date": "12/2",
      "service_to_date": "12/2",
      "end_read": "91926",
      "current_reading": "91926",
      "current_reading_type": "Actual",
      "multiplier": "1.1719",
      "usage": "1590.02",
      "uom": "Therms",
      "meter_read_type": "Actual",
      "charge_details": [
        {
          "category": "Basic Charge",
          "description": "Basic Charge",
          "rate": null,
          "rate_x_unit": "$50.56 per month",
          "charge": "50.56",
          "amount": "50.56"
        },
        {
          "category": "Delivery Charge",
          "description": "Delivery Charge",
          "rate": "0.913190",
          "rate_x_unit": "1,590.02 Therms",
          "charge": "1451.97",
          "amount": "1451.97"
        },
        {
          "category": "Gas Cost",
          "description": "Gas Cost",
          "rate": "0.425310",
          "rate_x_unit": "1,590.02 Therms",
          "charge": "676.24",
          "amount": "676.24"
        },
        {
          "category": "Gas Cons. Program Charge",
          "description": "Gas Cons. Program Charge",
          "rate": "0.042960",
          "rate_x_unit": "1,590.02 Therms",
          "charge": "68.31",
          "amount": "68.31"
        }
      ],
      "other_charges_and_credits": [
        {
          "category": "Merger Credit",
          "description": "Merger Credit",
          "rate": null,
          "rate_x_unit": "1,590.02 Therms",
          "charge": "0.00",
          "amount": "0.00"
        },
        {
          "category": "State Carbon Reduction Credit",
          "description": "State Carbon Reduction Credit",
          "rate": "-79.690000",
          "rate_x_unit": "(11/4/2025 - 11/30/2025)",
          "charge": "-74.19",
          "amount": "-74.19"
        },
        {
          "category": "State Carbon Reduction Credit",
          "description": "State Carbon Reduction Credit",
          "rate": "-97.760000",
          "rate_x_unit": "(12/1/2025 - 12/2/2025)",
          "charge": "-6.74",
          "amount": "-6.74"
        }
      ],
      "taxes": [
        {
          "description": "Effect of Seattle City Tax",
          "rate": "6.714%",
          "charge": "145.44"
        },
        {
          "description": "State Utility Tax",
          "rate": "3.852%",
          "charge": "0.00"
        }
      ],
      "total_current_gas_charges": "2311.59"
    }
  ],
  "service_types": [
    {
      "service_name": "gas Service - Meter 771227",
      "current_service": "2311.59",
      "service_from_date": "11/3",
      "service_to_date": "12/2",
      "previous_reading": "90506",
      "current_reading": "91926",
      "line_item_charges": [
        {
          "category": "Basic Charge",
          "description": "Basic Charge",
          "rate": null,
          "amount": "50.56",
          "meter_number": "771227",
          "usage": "1590.02",
          "uom": "Therms",
          "previous_reading": "90506",
          "previous_reading_type": "Actual",
          "current_reading": "91926",
          "current_reading_type": "Actual",
          "usage_multiplier": "1.1719"
        },
        {
          "category": "Delivery Charge",
          "description": "Delivery Charge",
          "rate": "0.913190",
          "amount": "1451.97",
          "meter_number": "771227",
          "usage": "1590.02",
          "uom": "Therms",
          "previous_reading": "90506",
          "previous_reading_type": "Actual",
          "current_reading": "91926",
          "current_reading_type": "Actual",
          "usage_multiplier": "1.1719"
        },
        {
          "category": "Gas Cost",
          "description": "Gas Cost",
          "rate": "0.425310",
          "amount": "676.24",
          "meter_number": "771227",
          "usage": "1590.02",
          "uom": "Therms",
          "previous_reading": "90506",
          "previous_reading_type": "Actual",
          "current_reading": "91926",
          "current_reading_type": "Actual",
          "usage_multiplier": "1.1719"
        },
        {
          "category": "Gas Cons. Program Charge",
          "description": "Gas Cons. Program Charge",
          "rate": "0.042960",
          "amount": "68.31",
          "meter_number": "771227",
          "usage": "1590.02",
          "uom": "Therms",
          "previous_reading": "90506",
          "previous_reading_type": "Actual",
          "current_reading": "91926",
          "current_reading_type": "Actual",
          "usage_multiplier": "1.1719"
        },
        {
          "category": "Merger Credit",
          "description": "Merger Credit",
          "rate": null,
          "amount": "0.00",
          "meter_number": "771227",
          "usage": "1590.02",
          "uom": "Therms",
          "previous_reading": "90506",
          "previous_reading_type": "Actual",
          "current_reading": "91926",
          "current_reading_type": "Actual",
          "usage_multiplier": "1.1719"
        },
        {
          "category": "State Carbon Reduction Credit",
          "description": "State Carbon Reduction Credit",
          "rate": "-79.690000",
          "amount": "-74.19",
          "meter_number": "771227",
          "usage": "1590.02",
          "uom": "Therms",
          "previous_reading": "90506",
          "previous_reading_type": "Actual",
          "current_reading": "91926",
          "current_reading_type": "Actual",
          "usage_multiplier": "1.1719"
        },
        {
          "category": "State Carbon Reduction Credit",
          "description": "State Carbon Reduction Credit",
          "rate": "-97.760000",
          "amount": "-6.74",
          "meter_number": "771227",
          "usage": "1590.02",
          "uom": "Therms",
          "previous_reading": "90506",
          "previous_reading_type": "Actual",
          "current_reading": "91926",
          "current_reading_type": "Actual",
          "usage_multiplier": "1.1719"
        },
        {
          "category": "Effect of Seattle City Tax",
          "description": "Effect of Seattle City Tax",
          "rate": "6.714%",
          "amount": "145.44",
          "meter_number": "771227",
          "usage": null,
          "uom": null,
          "previous_reading": null,
          "previous_reading_type": null,
          "current_reading": null,
          "current_reading_type": null,
          "usage_multiplier": null
        },
        {
          "category": "State Utility Tax",
          "description": "State Utility Tax",
          "rate": "3.852%",
          "amount": "0.00",
          "meter_number": "771227",
          "usage": null,
          "uom": null,
          "previous_reading": null,
          "previous_reading_type": null,
          "current_reading": null,
          "current_reading_type": null,
          "usage_multiplier": null
        }
      ],
      "current_service_validation": {
        "is_valid": true,
        "current_service_amount": 2311.59,
        "line_items_total": 2311.59,
        "difference": 0.0,
        "line_items": [
          {
            "category": "Basic Charge",
            "amount": 50.56
          },
          {
            "category": "Delivery Charge",
            "amount": 1451.97
          },
          {
            "category": "Gas Cost",
            "amount": 676.24
          },
          {
            "category": "Gas Cons. Program Charge",
            "amount": 68.31
          },
          {
            "category": "Merger Credit",
            "amount": 0.0
          },
          {
            "category": "State Carbon Reduction Credit",
            "amount": -74.19
          },
          {
            "category": "State Carbon Reduction Credit",
            "amount": -6.74
          },
          {
            "category": "Effect of Seattle City Tax",
            "amount": 145.44
          },
          {
            "category": "State Utility Tax",
            "amount": 0.0
          }
        ],
        "reason": "Line items ($2311.59) matches Current Service ($2311.59)"
      }
    }
  ],
  "taxes": {
    "per_service_taxes": [],
    "global_taxes": []
  },
  "current_adjustments": null,
  "payment_information": {
    "payment_date": null,
    "payment_amount": null
  },
  "adjustments": [],
  "billing_validation": {
    "is_valid": true,
    "total_amount_due": 2311.59,
    "meters_total": 2311.59,
    "difference": 0.0,
    "meters": [
      {
        "meter_number": "771227",
        "amount": 2311.59
      }
    ],
    "reason": "Sum of all meters ($2311.59) matches Total Amount Due ($2311.59)"
  },
  "source_file": "ViewBillPdf (1).pdf"
}