{
  "provider_name": "Puget Sound Energy",
  "provider_website": "pse.com",
  "provider_customer_service_phone": "1-888-225-5773",
  "provider_customer_service_email": "customercare@pse.com",
  "provider_address": null,
  "provider_return_address": "P.O. BOX 91269 Bellevue, WA 98009-9269",
  "account_number": "200023456649",
  "account_type": "gas",
  "customer_name": "ALEXANDER APARTMENTS",
  "service_address": "1711 BELLEVUE AVE, Seattle",
  "billing_address": "2633 EASTLAKE AVE E STE 307 SEATTLE WA 98102-3231",
  "bill_date": "December 2, 2025",
  "bill_number": null,
  "bill_type": null,
  "total_amount_due_date": "December 22, 2025",
  "number_of_days": "31",
  "service_days": "31",
  "description": null,
  "previous_balance": "0.00",
  "current_billing": "1151.39",
  "total_amount_due": "1151.39",
  "balance": null,
  "payments_applied": [
    {
      "payment_date": "November 20, 2025",
      "payment_amount": "999.26"
    }
  ],
  "contact_info": {
    "website": "pse.com",
    "email": "customercare@pse.com",
    "phone_number": "1-888-225-5773"
  },
  "late_payment_fee": {
    "percentage": "1%",
    "description": "A late payment fee of 1% per month will apply to past due charges, if any, and amounts unpaid more than 10 business days after the statement due date."
  },
  "late_fee_info": {
    "latefee_applied": null,
    "latefee_date": null,
    "latefee_amount": null,
    "latefee_by_duedate_percentage": null,
    "latefee_by_duedate": null,
    "total_amount_with_latefee_by_duedate": null
  },
  "meters": [
    {
      "meter_number": "415904",
      "service_type": "gas",
      "start_date": "10/31",
      "service_from_date": "10/31",
      "start_read": "69233",
      "previous_reading": "69233",
      "previous_reading_type": "Actual",
      "end_date": "12/1",
      "service_to_date": "12/1",
      "end_read": "69950",
      "current_reading": "69950",
      "current_reading_type": "Actual",
      "multiplier": "1.119278",
      "usage": "802.522",
      "uom": "Therms",
      "meter_read_type": "Actual",
      "charge_details": [
        {
          "category": "Basic Charge",
          "description": "Basic Charge",
          "rate": null,
          "rate_x_unit": "$50.56 per month",
          "charge": "50.56",
          "amount": "50.56"
        },
        {
          "category": "Delivery Charge",
          "description": "Delivery Charge",
          "rate": "0.913190",
          "rate_x_unit": "802.522 Therms",
          "charge": "732.86",
          "amount": "732.86"
        },
        {
          "category": "Gas Cost",
          "description": "Gas Cost",
          "rate": "0.425310",
          "rate_x_unit": "802.522 Therms",
          "charge": "341.32",
          "amount": "341.32"
        },
        {
          "category": "Gas Cons. Program Charge",
          "description": "Gas Cons. Program Charge",
          "rate": "0.042960",
          "rate_x_unit": "802.522 Therms",
          "charge": "34.48",
          "amount": "34.48"
        }
      ],
      "other_charges_and_credits": [
        {
          "category": "Merger Credit",
          "description": "Merger Credit",
          "rate": null,
          "rate_x_unit": "802.522 Therms",
          "charge": "0.00",
          "amount": "0.00"
        },
        {
          "category": "State Carbon Reduction Credit",
          "description": "State Carbon Reduction Credit",
          "rate": "-79.690000",
          "rate_x_unit": "1",
          "charge": "-77.12",
          "amount": "-77.12"
        },
        {
          "category": "State Carbon Reduction Credit",
          "description": "State Carbon Reduction Credit",
          "rate": "-97.760000",
          "rate_x_unit": "1",
          "charge": "-3.15",
          "amount": "-3.15"
        }
      ],
      "taxes": [
        {
          "description": "Effect of Seattle City Tax",
          "rate": "6.714%",
          "charge": "72.44"
        },
        {
          "description": "State Utility Tax",
          "rate": "3.852%",
          "charge": "0.00"
        }
      ],
      "total_current_gas_charges": "1151.39"
    }
  ],
  "service_types": [
    {
      "service_name": "gas Service - Meter 415904",
      "current_service": "1151.39",
      "service_from_date": "10/31",
      "service_to_date": "12/1",
      "previous_reading": "69233",
      "current_reading": "69950",
      "line_item_charges": [
        {
          "category": "Basic Charge",
          "description": "Basic Charge",
          "rate": null,
          "amount": "50.56",
          "meter_number": "415904",
          "usage": "802.522",
          "uom": "Therms",
          "previous_reading": "69233",
          "previous_reading_type": "Actual",
          "current_reading": "69950",
          "current_reading_type": "Actual",
          "usage_multiplier": "1.119278"
        },
        {
          "category": "Delivery Charge",
          "description": "Delivery Charge",
          "rate": "0.913190",
          "amount": "732.86",
          "meter_number": "415904",
          "usage": "802.522",
          "uom": "Therms",
          "previous_reading": "69233",
          "previous_reading_type": "Actual",
          "current_reading": "69950",
          "current_reading_type": "Actual",
          "usage_multiplier": "1.119278"
        },
        {
          "category": "Gas Cost",
          "description": "Gas Cost",
          "rate": "0.425310",
          "amount": "341.32",
          "meter_number": "415904",
          "usage": "802.522",
          "uom": "Therms",
          "previous_reading": "69233",
          "previous_reading_type": "Actual",
          "current_reading": "69950",
          "current_reading_type": "Actual",
          "usage_multiplier": "1.119278"
        },
        {
          "category": "Gas Cons. Program Charge",
          "description": "Gas Cons. Program Charge",
          "rate": "0.042960",
          "amount": "34.48",
          "meter_number": "415904",
          "usage": "802.522",
          "uom": "Therms",
          "previous_reading": "69233",
          "previous_reading_type": "Actual",
          "current_reading": "69950",
          "current_reading_type": "Actual",
          "usage_multiplier": "1.119278"
        },
        {
          "category": "Merger Credit",
          "description": "Merger Credit",
          "rate": null,
          "amount": "0.00",
          "meter_number": "415904",
          "usage": "802.522",
          "uom": "Therms",
          "previous_reading": "69233",
          "previous_reading_type": "Actual",
          "current_reading": "69950",
          "current_reading_type": "Actual",
          "usage_multiplier": "1.119278"
        },
        {
          "category": "State Carbon Reduction Credit",
          "description": "State Carbon Reduction Credit",
          "rate": "-79.690000",
          "amount": "-77.12",
          "meter_number": "415904",
          "usage": "802.522",
          "uom": "Therms",
          "previous_reading": "69233",
          "previous_reading_type": "Actual",
          "current_reading": "69950",
          "current_reading_type": "Actual",
          "usage_multiplier": "1.119278"
        },
        {
          "category": "State Carbon Reduction Credit",
          "description": "State Carbon Reduction Credit",
          "rate": "-97.760000",
          "amount": "-3.15",
          "meter_number": "415904",
          "usage": "802.522",
          "uom": "Therms",
          "previous_reading": "69233",
          "previous_reading_type": "Actual",
          "current_reading": "69950",
          "current_reading_type": "Actual",
          "usage_multiplier": "1.119278"
        },
        {
          "category": "Effect of Seattle City Tax",
          "description": "Effect of Seattle City Tax",
          "rate": "6.714%",
          "amount": "72.44",
          "meter_number": "415904",
          "usage": null,
          "uom": null,
          "previous_reading": null,
          "previous_reading_type": null,
          "current_reading": null,
          "current_reading_type": null,
          "usage_multiplier": null
        },
        {
          "category": "State Utility Tax",
          "description": "State Utility Tax",
          "rate": "3.852%",
          "amount": "0.00",
          "meter_number": "415904",
          "usage": null,
          "uom": null,
          "previous_reading": null,
          "previous_reading_type": null,
          "current_reading": null,
          "current_reading_type": null,
          "usage_multiplier": null
        }
      ],
      "current_service_validation": {
        "is_valid": true,
        "current_service_amount": 1151.39,
        "line_items_total": 1151.3899999999999,
        "difference": 0.0,
        "line_items": [
          {
            "category": "Basic Charge",
            "amount": 50.56
          },
          {
            "category": "Delivery Charge",
            "amount": 732.86
          },
          {
            "category": "Gas Cost",
            "amount": 341.32
          },
          {
            "category": "Gas Cons. Program Charge",
            "amount": 34.48
          },
          {
            "category": "Merger Credit",
            "amount": 0.0
          },
          {
            "category": "State Carbon Reduction Credit",
            "amount": -77.12
          },
          {
            "category": "State Carbon Reduction Credit",
            "amount": -3.15
          },
          {
            "category": "Effect of Seattle City Tax",
            "amount": 72.44
          },
          {
            "category": "State Utility Tax",
            "amount": 0.0
          }
        ],
        "reason": "Line items ($1151.39) matches Current Service ($1151.39)"
      }
    }
  ],
  "taxes": {
    "per_service_taxes": [],
    "global_taxes": []
  },
  "current_adjustments": null,
  "payment_information": {
    "payment_date": null,
    "payment_amount": null
  },
  "adjustments": [],
  "billing_validation": {
    "is_valid": true,
    "total_amount_due": 1151.39,
    "meters_total": 1151.39,
    "difference": 0.0,
    "meters": [
      {
        "meter_number": "415904",
        "amount": 1151.39
      }
    ],
    "reason": "Sum of all meters ($1151.39) matches Total Amount Due ($1151.39)"
  },
  "source_file": "ViewBillPdf.pdf"
}