{
  "provider_name": "Puget Sound Energy",
  "provider_website": "pse.com",
  "provider_customer_service_phone": "1-888-225-5773",
  "provider_customer_service_email": "customercare@pse.com",
  "provider_address": "P.O. BOX 91269, Bellevue, WA 98009-9269",
  "provider_return_address": "2633 EASTLAKE AVE E STE 307, SEATTLE WA 98102-3231",
  "account_number": "220024035861",
  "account_type": "gas",
  "customer_name": "PARKHURST PROPERTIES LLC",
  "service_address": "505 14TH AVE E, Seattle",
  "billing_address": "505 14TH AVE E, Seattle",
  "bill_date": "December 5, 2025",
  "bill_number": null,
  "bill_type": null,
  "total_amount_due_date": "December 26, 2025",
  "number_of_days": "29",
  "service_days": "29",
  "description": null,
  "previous_balance": "0.00",
  "current_billing": "1184.78",
  "total_amount_due": "1184.78",
  "balance": null,
  "payments_applied": [
    {
      "payment_date": "November 20, 2025",
      "payment_amount": "1033.31"
    }
  ],
  "contact_info": {
    "website": "pse.com",
    "email": "customercare@pse.com",
    "phone_number": "1-888-225-5773"
  },
  "late_payment_fee": {
    "percentage": "1%",
    "description": "A late payment fee of 1% per month will apply to past due charges, if any, and amounts unpaid more than 10 business days after the statement due date."
  },
  "late_fee_info": {
    "latefee_applied": null,
    "latefee_date": null,
    "latefee_amount": null,
    "latefee_by_duedate_percentage": null,
    "latefee_by_duedate": null,
    "total_amount_with_latefee_by_duedate": null
  },
  "meters": [
    {
      "meter_number": "1119241",
      "service_type": "gas",
      "start_date": "November 5, 2025",
      "service_from_date": "November 5, 2025",
      "start_read": "15820",
      "previous_reading": "15820",
      "previous_reading_type": "Actual",
      "end_date": "December 4, 2025",
      "service_to_date": "December 4, 2025",
      "end_read": "16558",
      "current_reading": "16558",
      "current_reading_type": "Actual",
      "multiplier": "1.119999",
      "usage": "826.56",
      "uom": "Therms",
      "meter_read_type": "Actual",
      "charge_details": [
        {
          "category": "Basic Charge",
          "description": "Basic Charge",
          "rate": null,
          "rate_x_unit": "$50.56 per month",
          "charge": "50.56",
          "amount": "50.56"
        },
        {
          "category": "Delivery Charge",
          "description": "Delivery Charge",
          "rate": "0.913190",
          "rate_x_unit": "826.56 Therms",
          "charge": "754.81",
          "amount": "754.81"
        },
        {
          "category": "Gas Cost",
          "description": "Gas Cost",
          "rate": "0.425310",
          "rate_x_unit": "826.56 Therms",
          "charge": "351.54",
          "amount": "351.54"
        },
        {
          "category": "Gas Cons. Program Charge",
          "description": "Gas Cons. Program Charge",
          "rate": "0.042960",
          "rate_x_unit": "826.56 Therms",
          "charge": "35.51",
          "amount": "35.51"
        }
      ],
      "other_charges_and_credits": [
        {
          "category": "Merger Credit",
          "description": "Merger Credit",
          "rate": null,
          "rate_x_unit": "826.56 Therms",
          "charge": "0.00",
          "amount": "0.00"
        },
        {
          "category": "State Carbon Reduction Credit",
          "description": "State Carbon Reduction Credit",
          "rate": "-79.690000",
          "rate_x_unit": "1",
          "charge": "-68.70",
          "amount": "-68.70"
        },
        {
          "category": "State Carbon Reduction Credit",
          "description": "State Carbon Reduction Credit",
          "rate": "-97.760000",
          "rate_x_unit": "1",
          "charge": "-13.48",
          "amount": "-13.48"
        }
      ],
      "taxes": [
        {
          "description": "Effect of Seattle City Tax",
          "rate": "6.714%",
          "charge": "74.54"
        },
        {
          "description": "State Utility Tax",
          "rate": "3.852%",
          "charge": "0.00"
        }
      ],
      "total_current_gas_charges": "1184.78"
    }
  ],
  "service_types": [
    {
      "service_name": "gas Service - Meter 1119241",
      "current_service": "1184.78",
      "service_from_date": "November 5, 2025",
      "service_to_date": "December 4, 2025",
      "previous_reading": "15820",
      "current_reading": "16558",
      "line_item_charges": [
        {
          "category": "Basic Charge",
          "description": "Basic Charge",
          "rate": null,
          "amount": "50.56",
          "meter_number": "1119241",
          "usage": "826.56",
          "uom": "Therms",
          "previous_reading": "15820",
          "previous_reading_type": "Actual",
          "current_reading": "16558",
          "current_reading_type": "Actual",
          "usage_multiplier": "1.119999"
        },
        {
          "category": "Delivery Charge",
          "description": "Delivery Charge",
          "rate": "0.913190",
          "amount": "754.81",
          "meter_number": "1119241",
          "usage": "826.56",
          "uom": "Therms",
          "previous_reading": "15820",
          "previous_reading_type": "Actual",
          "current_reading": "16558",
          "current_reading_type": "Actual",
          "usage_multiplier": "1.119999"
        },
        {
          "category": "Gas Cost",
          "description": "Gas Cost",
          "rate": "0.425310",
          "amount": "351.54",
          "meter_number": "1119241",
          "usage": "826.56",
          "uom": "Therms",
          "previous_reading": "15820",
          "previous_reading_type": "Actual",
          "current_reading": "16558",
          "current_reading_type": "Actual",
          "usage_multiplier": "1.119999"
        },
        {
          "category": "Gas Cons. Program Charge",
          "description": "Gas Cons. Program Charge",
          "rate": "0.042960",
          "amount": "35.51",
          "meter_number": "1119241",
          "usage": "826.56",
          "uom": "Therms",
          "previous_reading": "15820",
          "previous_reading_type": "Actual",
          "current_reading": "16558",
          "current_reading_type": "Actual",
          "usage_multiplier": "1.119999"
        },
        {
          "category": "Merger Credit",
          "description": "Merger Credit",
          "rate": null,
          "amount": "0.00",
          "meter_number": "1119241",
          "usage": "826.56",
          "uom": "Therms",
          "previous_reading": "15820",
          "previous_reading_type": "Actual",
          "current_reading": "16558",
          "current_reading_type": "Actual",
          "usage_multiplier": "1.119999"
        },
        {
          "category": "State Carbon Reduction Credit",
          "description": "State Carbon Reduction Credit",
          "rate": "-79.690000",
          "amount": "-68.70",
          "meter_number": "1119241",
          "usage": "826.56",
          "uom": "Therms",
          "previous_reading": "15820",
          "previous_reading_type": "Actual",
          "current_reading": "16558",
          "current_reading_type": "Actual",
          "usage_multiplier": "1.119999"
        },
        {
          "category": "State Carbon Reduction Credit",
          "description": "State Carbon Reduction Credit",
          "rate": "-97.760000",
          "amount": "-13.48",
          "meter_number": "1119241",
          "usage": "826.56",
          "uom": "Therms",
          "previous_reading": "15820",
          "previous_reading_type": "Actual",
          "current_reading": "16558",
          "current_reading_type": "Actual",
          "usage_multiplier": "1.119999"
        },
        {
          "category": "Effect of Seattle City Tax",
          "description": "Effect of Seattle City Tax",
          "rate": "6.714%",
          "amount": "74.54",
          "meter_number": "1119241",
          "usage": null,
          "uom": null,
          "previous_reading": null,
          "previous_reading_type": null,
          "current_reading": null,
          "current_reading_type": null,
          "usage_multiplier": null
        },
        {
          "category": "State Utility Tax",
          "description": "State Utility Tax",
          "rate": "3.852%",
          "amount": "0.00",
          "meter_number": "1119241",
          "usage": null,
          "uom": null,
          "previous_reading": null,
          "previous_reading_type": null,
          "current_reading": null,
          "current_reading_type": null,
          "usage_multiplier": null
        }
      ],
      "current_service_validation": {
        "is_valid": true,
        "current_service_amount": 1184.78,
        "line_items_total": 1184.7799999999997,
        "difference": 0.0,
        "line_items": [
          {
            "category": "Basic Charge",
            "amount": 50.56
          },
          {
            "category": "Delivery Charge",
            "amount": 754.81
          },
          {
            "category": "Gas Cost",
            "amount": 351.54
          },
          {
            "category": "Gas Cons. Program Charge",
            "amount": 35.51
          },
          {
            "category": "Merger Credit",
            "amount": 0.0
          },
          {
            "category": "State Carbon Reduction Credit",
            "amount": -68.7
          },
          {
            "category": "State Carbon Reduction Credit",
            "amount": -13.48
          },
          {
            "category": "Effect of Seattle City Tax",
            "amount": 74.54
          },
          {
            "category": "State Utility Tax",
            "amount": 0.0
          }
        ],
        "reason": "Line items ($1184.78) matches Current Service ($1184.78)"
      }
    }
  ],
  "taxes": {
    "per_service_taxes": [],
    "global_taxes": []
  },
  "current_adjustments": null,
  "payment_information": {
    "payment_date": null,
    "payment_amount": null
  },
  "adjustments": [],
  "billing_validation": {
    "is_valid": true,
    "total_amount_due": 1184.78,
    "meters_total": 1184.78,
    "difference": 0.0,
    "meters": [
      {
        "meter_number": "1119241",
        "amount": 1184.78
      }
    ],
    "reason": "Sum of all meters ($1184.78) matches Total Amount Due ($1184.78)"
  },
  "source_file": "ViewBillPdf_001.pdf"
}