{
  "provider_name": "Puget Sound Energy",
  "provider_website": "pse.com",
  "provider_customer_service_phone": "1-888-225-5773",
  "provider_customer_service_email": "customercare@pse.com",
  "provider_address": null,
  "provider_return_address": "P.O. BOX 91269, Bellevue, WA 98009-9269",
  "account_number": "220002257339",
  "account_type": "gas",
  "customer_name": "EDGECLIFF PARTNERS LLC",
  "service_address": "929 QUEEN ANNE AVE N, Seattle",
  "billing_address": "929 QUEEN ANNE AVE N, Seattle",
  "bill_date": "November 26, 2025",
  "bill_number": null,
  "bill_type": null,
  "total_amount_due_date": "December 18, 2025",
  "number_of_days": "27",
  "service_days": "27",
  "description": null,
  "previous_balance": "0.00",
  "current_billing": "749.42",
  "total_amount_due": "749.42",
  "balance": null,
  "payments_applied": [
    {
      "payment_date": "November 20, 2025",
      "payment_amount": "932.19"
    }
  ],
  "contact_info": {
    "website": "pse.com",
    "email": "customercare@pse.com",
    "phone_number": "1-888-225-5773"
  },
  "late_payment_fee": {
    "percentage": "1%",
    "description": "A late payment fee of 1% per month will apply to past due charges, if any, and amounts unpaid more than 10 business days after the statement due date."
  },
  "late_fee_info": {
    "latefee_applied": null,
    "latefee_date": null,
    "latefee_amount": null,
    "latefee_by_duedate_percentage": null,
    "latefee_by_duedate": null,
    "total_amount_with_latefee_by_duedate": null
  },
  "meters": [
    {
      "meter_number": "629889",
      "service_type": "gas",
      "start_date": "10/29",
      "service_from_date": "10/29",
      "start_read": "61389",
      "previous_reading": "61389",
      "previous_reading_type": "Actual",
      "end_date": "11/25",
      "service_to_date": "11/25",
      "end_read": "61464",
      "current_reading": "61464",
      "current_reading_type": "Actual",
      "multiplier": "1.11860",
      "usage": "83.896",
      "uom": "Therms",
      "meter_read_type": "Actual",
      "charge_details": [
        {
          "category": "Basic Charge",
          "description": "Basic Charge",
          "rate": null,
          "rate_x_unit": null,
          "charge": "50.56",
          "amount": "50.56"
        },
        {
          "category": "Natural Gas Delivery Charges",
          "description": "Delivery Charge (10/30/2025 - 10/31/2025)",
          "rate": "0.896180",
          "rate_x_unit": "38.932 Therms",
          "charge": "34.89",
          "amount": "34.89"
        },
        {
          "category": "Natural Gas Delivery Charges",
          "description": "Delivery Charge (11/1/2025 - 11/25/2025)",
          "rate": "0.913190",
          "rate_x_unit": "487.933 Therms",
          "charge": "445.58",
          "amount": "445.58"
        },
        {
          "category": "Gas Cost (10/30/2025 - 10/31/2025)",
          "description": "Gas Cost (10/30/2025 - 10/31/2025)",
          "rate": "0.488080",
          "rate_x_unit": "38.932 Therms",
          "charge": "19.00",
          "amount": "19.00"
        },
        {
          "category": "Gas Cost (11/1/2025 - 11/25/2025)",
          "description": "Gas Cost (11/1/2025 - 11/25/2025)",
          "rate": "0.425310",
          "rate_x_unit": "487.933 Therms",
          "charge": "207.52",
          "amount": "207.52"
        },
        {
          "category": "Gas Cons. Program Charge",
          "description": "Gas Cons. Program Charge",
          "rate": "0.042960",
          "rate_x_unit": "526.865 Therms",
          "charge": "22.63",
          "amount": "22.63"
        }
      ],
      "other_charges_and_credits": [
        {
          "category": "Merger Credit",
          "description": "Merger Credit",
          "rate": null,
          "rate_x_unit": "526.865 Therms",
          "charge": "0.00",
          "amount": "0.00"
        },
        {
          "category": "State Carbon Reduction Credit",
          "description": "State Carbon Reduction Credit (10/30/2025 - 10/31/2025)",
          "rate": "-55.560000",
          "rate_x_unit": "1.000 Therms",
          "charge": "-4.12",
          "amount": "-4.12"
        },
        {
          "category": "State Carbon Reduction Credit",
          "description": "State Carbon Reduction Credit (11/1/2025 - 11/25/2025)",
          "rate": "-79.690000",
          "rate_x_unit": "1.000 Therms",
          "charge": "-73.79",
          "amount": "-73.79"
        }
      ],
      "taxes": [
        {
          "description": "Effect of Seattle City Tax",
          "rate": "6.714%",
          "charge": "47.15"
        },
        {
          "description": "State Utility Tax (28.87 included in above charges)",
          "rate": "3.852%",
          "charge": "0.00"
        }
      ],
      "total_current_gas_charges": "749.42"
    }
  ],
  "service_types": [
    {
      "service_name": "gas Service - Meter 629889",
      "current_service": "749.42",
      "service_from_date": "10/29",
      "service_to_date": "11/25",
      "previous_reading": "61389",
      "current_reading": "61464",
      "line_item_charges": [
        {
          "category": "Basic Charge",
          "description": "Basic Charge",
          "rate": null,
          "amount": "50.56",
          "meter_number": "629889",
          "usage": "83.896",
          "uom": "Therms",
          "previous_reading": "61389",
          "previous_reading_type": "Actual",
          "current_reading": "61464",
          "current_reading_type": "Actual",
          "usage_multiplier": "1.11860"
        },
        {
          "category": "Natural Gas Delivery Charges",
          "description": "Delivery Charge (10/30/2025 - 10/31/2025)",
          "rate": "0.896180",
          "amount": "34.89",
          "meter_number": "629889",
          "usage": "83.896",
          "uom": "Therms",
          "previous_reading": "61389",
          "previous_reading_type": "Actual",
          "current_reading": "61464",
          "current_reading_type": "Actual",
          "usage_multiplier": "1.11860"
        },
        {
          "category": "Natural Gas Delivery Charges",
          "description": "Delivery Charge (11/1/2025 - 11/25/2025)",
          "rate": "0.913190",
          "amount": "445.58",
          "meter_number": "629889",
          "usage": "83.896",
          "uom": "Therms",
          "previous_reading": "61389",
          "previous_reading_type": "Actual",
          "current_reading": "61464",
          "current_reading_type": "Actual",
          "usage_multiplier": "1.11860"
        },
        {
          "category": "Gas Cost (10/30/2025 - 10/31/2025)",
          "description": "Gas Cost (10/30/2025 - 10/31/2025)",
          "rate": "0.488080",
          "amount": "19.00",
          "meter_number": "629889",
          "usage": "83.896",
          "uom": "Therms",
          "previous_reading": "61389",
          "previous_reading_type": "Actual",
          "current_reading": "61464",
          "current_reading_type": "Actual",
          "usage_multiplier": "1.11860"
        },
        {
          "category": "Gas Cost (11/1/2025 - 11/25/2025)",
          "description": "Gas Cost (11/1/2025 - 11/25/2025)",
          "rate": "0.425310",
          "amount": "207.52",
          "meter_number": "629889",
          "usage": "83.896",
          "uom": "Therms",
          "previous_reading": "61389",
          "previous_reading_type": "Actual",
          "current_reading": "61464",
          "current_reading_type": "Actual",
          "usage_multiplier": "1.11860"
        },
        {
          "category": "Gas Cons. Program Charge",
          "description": "Gas Cons. Program Charge",
          "rate": "0.042960",
          "amount": "22.63",
          "meter_number": "629889",
          "usage": "83.896",
          "uom": "Therms",
          "previous_reading": "61389",
          "previous_reading_type": "Actual",
          "current_reading": "61464",
          "current_reading_type": "Actual",
          "usage_multiplier": "1.11860"
        },
        {
          "category": "Merger Credit",
          "description": "Merger Credit",
          "rate": null,
          "amount": "0.00",
          "meter_number": "629889",
          "usage": "83.896",
          "uom": "Therms",
          "previous_reading": "61389",
          "previous_reading_type": "Actual",
          "current_reading": "61464",
          "current_reading_type": "Actual",
          "usage_multiplier": "1.11860"
        },
        {
          "category": "State Carbon Reduction Credit",
          "description": "State Carbon Reduction Credit (10/30/2025 - 10/31/2025)",
          "rate": "-55.560000",
          "amount": "-4.12",
          "meter_number": "629889",
          "usage": "83.896",
          "uom": "Therms",
          "previous_reading": "61389",
          "previous_reading_type": "Actual",
          "current_reading": "61464",
          "current_reading_type": "Actual",
          "usage_multiplier": "1.11860"
        },
        {
          "category": "State Carbon Reduction Credit",
          "description": "State Carbon Reduction Credit (11/1/2025 - 11/25/2025)",
          "rate": "-79.690000",
          "amount": "-73.79",
          "meter_number": "629889",
          "usage": "83.896",
          "uom": "Therms",
          "previous_reading": "61389",
          "previous_reading_type": "Actual",
          "current_reading": "61464",
          "current_reading_type": "Actual",
          "usage_multiplier": "1.11860"
        },
        {
          "category": "Effect of Seattle City Tax",
          "description": "Effect of Seattle City Tax",
          "rate": "6.714%",
          "amount": "47.15",
          "meter_number": "629889",
          "usage": null,
          "uom": null,
          "previous_reading": null,
          "previous_reading_type": null,
          "current_reading": null,
          "current_reading_type": null,
          "usage_multiplier": null
        },
        {
          "category": "State Utility Tax (28.87 included in above charges)",
          "description": "State Utility Tax (28.87 included in above charges)",
          "rate": "3.852%",
          "amount": "0.00",
          "meter_number": "629889",
          "usage": null,
          "uom": null,
          "previous_reading": null,
          "previous_reading_type": null,
          "current_reading": null,
          "current_reading_type": null,
          "usage_multiplier": null
        }
      ],
      "current_service_validation": {
        "is_valid": true,
        "current_service_amount": 749.42,
        "line_items_total": 749.42,
        "difference": 0.0,
        "line_items": [
          {
            "category": "Basic Charge",
            "amount": 50.56
          },
          {
            "category": "Natural Gas Delivery Charges",
            "amount": 34.89
          },
          {
            "category": "Natural Gas Delivery Charges",
            "amount": 445.58
          },
          {
            "category": "Gas Cost (10/30/2025 - 10/31/2025)",
            "amount": 19.0
          },
          {
            "category": "Gas Cost (11/1/2025 - 11/25/2025)",
            "amount": 207.52
          },
          {
            "category": "Gas Cons. Program Charge",
            "amount": 22.63
          },
          {
            "category": "Merger Credit",
            "amount": 0.0
          },
          {
            "category": "State Carbon Reduction Credit",
            "amount": -4.12
          },
          {
            "category": "State Carbon Reduction Credit",
            "amount": -73.79
          },
          {
            "category": "Effect of Seattle City Tax",
            "amount": 47.15
          },
          {
            "category": "State Utility Tax (28.87 included in above charges)",
            "amount": 0.0
          }
        ],
        "reason": "Line items ($749.42) matches Current Service ($749.42)"
      }
    }
  ],
  "taxes": {
    "per_service_taxes": [],
    "global_taxes": []
  },
  "current_adjustments": null,
  "payment_information": {
    "payment_date": null,
    "payment_amount": null
  },
  "adjustments": [],
  "billing_validation": {
    "is_valid": true,
    "total_amount_due": 749.42,
    "meters_total": 749.42,
    "difference": 0.0,
    "meters": [
      {
        "meter_number": "629889",
        "amount": 749.42
      }
    ],
    "reason": "Sum of all meters ($749.42) matches Total Amount Due ($749.42)"
  },
  "source_file": "ViewFullPdfBill.pdf"
}