{
  "provider_name": "Puget Sound Energy",
  "provider_website": "pse.com",
  "provider_customer_service_phone": "1-888-225-5773",
  "provider_customer_service_email": "customercare@pse.com",
  "provider_address": null,
  "provider_return_address": "P.O. BOX 91269, Bellevue, WA 98009-9269",
  "account_number": "220024036299",
  "account_type": "gas",
  "customer_name": "PARKHURST PROPERTIES LLC",
  "service_address": "1103 E REPUBLICAN ST, Seattle",
  "billing_address": "1103 E REPUBLICAN ST, Seattle",
  "bill_date": "December 5, 2025",
  "bill_number": null,
  "bill_type": null,
  "total_amount_due_date": "December 26, 2025",
  "number_of_days": "29",
  "service_days": "29",
  "description": null,
  "previous_balance": "916.35",
  "current_billing": "792.67",
  "total_amount_due": "792.67",
  "balance": null,
  "payments_applied": [
    {
      "payment_date": "November 20, 2025",
      "payment_amount": "916.35"
    }
  ],
  "contact_info": {
    "website": "pse.com",
    "email": "customercare@pse.com",
    "phone_number": "1-888-225-5773"
  },
  "late_payment_fee": {
    "percentage": "1%",
    "description": "A late payment fee of 1% per month will apply to past due charges, if any, and amounts unpaid more than 10 business days after the statement due date."
  },
  "late_fee_info": {
    "latefee_applied": null,
    "latefee_date": null,
    "latefee_amount": null,
    "latefee_by_duedate_percentage": null,
    "latefee_by_duedate": null,
    "total_amount_with_latefee_by_duedate": null
  },
  "meters": [
    {
      "meter_number": "1370293",
      "service_type": "gas",
      "start_date": "November 5, 2025",
      "service_from_date": "November 5, 2025",
      "start_read": "4080",
      "previous_reading": "4080",
      "previous_reading_type": "Actual",
      "end_date": "December 4, 2025",
      "service_to_date": "December 4, 2025",
      "end_read": "4569",
      "current_reading": "4569",
      "current_reading_type": "Actual",
      "multiplier": "1.146393",
      "usage": "560.586",
      "uom": "Therms",
      "meter_read_type": "Actual",
      "charge_details": [
        {
          "category": "Basic Charge",
          "description": "Basic Charge",
          "rate": null,
          "rate_x_unit": null,
          "charge": "50.56",
          "amount": "50.56"
        },
        {
          "category": "Delivery Charge",
          "description": "Delivery Charge",
          "rate": "0.913190",
          "rate_x_unit": "560.586 Therms",
          "charge": "511.92",
          "amount": "511.92"
        },
        {
          "category": "Gas Cost",
          "description": "Gas Cost",
          "rate": "0.425310",
          "rate_x_unit": "560.586 Therms",
          "charge": "238.42",
          "amount": "238.42"
        },
        {
          "category": "Gas Cons. Program Charge",
          "description": "Gas Cons. Program Charge",
          "rate": "0.042960",
          "rate_x_unit": "560.586 Therms",
          "charge": "24.08",
          "amount": "24.08"
        }
      ],
      "other_charges_and_credits": [
        {
          "category": "Merger Credit",
          "description": "Merger Credit",
          "rate": null,
          "rate_x_unit": "560.586 Therms",
          "charge": "0.00",
          "amount": "0.00"
        },
        {
          "category": "State Carbon Reduction Credit",
          "description": "State Carbon Reduction Credit",
          "rate": "-79.690000",
          "rate_x_unit": "1",
          "charge": "-68.70",
          "amount": "-68.70"
        },
        {
          "category": "State Carbon Reduction Credit",
          "description": "State Carbon Reduction Credit",
          "rate": "-97.760000",
          "rate_x_unit": "1",
          "charge": "-13.48",
          "amount": "-13.48"
        }
      ],
      "taxes": [
        {
          "description": "Effect of Seattle City Tax",
          "rate": "6.714%",
          "charge": "49.87"
        },
        {
          "description": "State Utility Tax",
          "rate": "3.852%",
          "charge": "0.00"
        }
      ],
      "total_current_gas_charges": "792.67"
    }
  ],
  "service_types": [
    {
      "service_name": "gas Service - Meter 1370293",
      "current_service": "792.67",
      "service_from_date": "November 5, 2025",
      "service_to_date": "December 4, 2025",
      "previous_reading": "4080",
      "current_reading": "4569",
      "line_item_charges": [
        {
          "category": "Basic Charge",
          "description": "Basic Charge",
          "rate": null,
          "amount": "50.56",
          "meter_number": "1370293",
          "usage": "560.586",
          "uom": "Therms",
          "previous_reading": "4080",
          "previous_reading_type": "Actual",
          "current_reading": "4569",
          "current_reading_type": "Actual",
          "usage_multiplier": "1.146393"
        },
        {
          "category": "Delivery Charge",
          "description": "Delivery Charge",
          "rate": "0.913190",
          "amount": "511.92",
          "meter_number": "1370293",
          "usage": "560.586",
          "uom": "Therms",
          "previous_reading": "4080",
          "previous_reading_type": "Actual",
          "current_reading": "4569",
          "current_reading_type": "Actual",
          "usage_multiplier": "1.146393"
        },
        {
          "category": "Gas Cost",
          "description": "Gas Cost",
          "rate": "0.425310",
          "amount": "238.42",
          "meter_number": "1370293",
          "usage": "560.586",
          "uom": "Therms",
          "previous_reading": "4080",
          "previous_reading_type": "Actual",
          "current_reading": "4569",
          "current_reading_type": "Actual",
          "usage_multiplier": "1.146393"
        },
        {
          "category": "Gas Cons. Program Charge",
          "description": "Gas Cons. Program Charge",
          "rate": "0.042960",
          "amount": "24.08",
          "meter_number": "1370293",
          "usage": "560.586",
          "uom": "Therms",
          "previous_reading": "4080",
          "previous_reading_type": "Actual",
          "current_reading": "4569",
          "current_reading_type": "Actual",
          "usage_multiplier": "1.146393"
        },
        {
          "category": "Merger Credit",
          "description": "Merger Credit",
          "rate": null,
          "amount": "0.00",
          "meter_number": "1370293",
          "usage": "560.586",
          "uom": "Therms",
          "previous_reading": "4080",
          "previous_reading_type": "Actual",
          "current_reading": "4569",
          "current_reading_type": "Actual",
          "usage_multiplier": "1.146393"
        },
        {
          "category": "State Carbon Reduction Credit",
          "description": "State Carbon Reduction Credit",
          "rate": "-79.690000",
          "amount": "-68.70",
          "meter_number": "1370293",
          "usage": "560.586",
          "uom": "Therms",
          "previous_reading": "4080",
          "previous_reading_type": "Actual",
          "current_reading": "4569",
          "current_reading_type": "Actual",
          "usage_multiplier": "1.146393"
        },
        {
          "category": "State Carbon Reduction Credit",
          "description": "State Carbon Reduction Credit",
          "rate": "-97.760000",
          "amount": "-13.48",
          "meter_number": "1370293",
          "usage": "560.586",
          "uom": "Therms",
          "previous_reading": "4080",
          "previous_reading_type": "Actual",
          "current_reading": "4569",
          "current_reading_type": "Actual",
          "usage_multiplier": "1.146393"
        },
        {
          "category": "Effect of Seattle City Tax",
          "description": "Effect of Seattle City Tax",
          "rate": "6.714%",
          "amount": "49.87",
          "meter_number": "1370293",
          "usage": null,
          "uom": null,
          "previous_reading": null,
          "previous_reading_type": null,
          "current_reading": null,
          "current_reading_type": null,
          "usage_multiplier": null
        },
        {
          "category": "State Utility Tax",
          "description": "State Utility Tax",
          "rate": "3.852%",
          "amount": "0.00",
          "meter_number": "1370293",
          "usage": null,
          "uom": null,
          "previous_reading": null,
          "previous_reading_type": null,
          "current_reading": null,
          "current_reading_type": null,
          "usage_multiplier": null
        }
      ],
      "current_service_validation": {
        "is_valid": true,
        "current_service_amount": 792.67,
        "line_items_total": 792.67,
        "difference": 0.0,
        "line_items": [
          {
            "category": "Basic Charge",
            "amount": 50.56
          },
          {
            "category": "Delivery Charge",
            "amount": 511.92
          },
          {
            "category": "Gas Cost",
            "amount": 238.42
          },
          {
            "category": "Gas Cons. Program Charge",
            "amount": 24.08
          },
          {
            "category": "Merger Credit",
            "amount": 0.0
          },
          {
            "category": "State Carbon Reduction Credit",
            "amount": -68.7
          },
          {
            "category": "State Carbon Reduction Credit",
            "amount": -13.48
          },
          {
            "category": "Effect of Seattle City Tax",
            "amount": 49.87
          },
          {
            "category": "State Utility Tax",
            "amount": 0.0
          }
        ],
        "reason": "Line items ($792.67) matches Current Service ($792.67)"
      }
    }
  ],
  "taxes": {
    "per_service_taxes": [],
    "global_taxes": []
  },
  "current_adjustments": null,
  "payment_information": {
    "payment_date": null,
    "payment_amount": null
  },
  "adjustments": [],
  "billing_validation": {
    "is_valid": true,
    "total_amount_due": 792.67,
    "meters_total": 792.67,
    "difference": 0.0,
    "meters": [
      {
        "meter_number": "1370293",
        "amount": 792.67
      }
    ],
    "reason": "Sum of all meters ($792.67) matches Total Amount Due ($792.67)"
  },
  "source_file": "ViewBillPdf (1)_001.pdf"
}