{
  "provider_name": "Puget Sound Energy",
  "provider_website": "pse.com",
  "provider_customer_service_phone": "1-888-225-5773",
  "provider_customer_service_email": "customercare@pse.com",
  "provider_address": null,
  "provider_return_address": "P.O. BOX 91269, Bellevue, WA 98009-9269",
  "account_number": "220019474828",
  "account_type": "gas",
  "customer_name": "408 AURORA LLC",
  "service_address": "408 AURORA AVE N, Seattle",
  "billing_address": "408 AURORA AVE N, Seattle",
  "bill_date": "November 26 2025",
  "bill_number": null,
  "bill_type": null,
  "total_amount_due_date": "December 18 2025",
  "number_of_days": "27",
  "service_days": "27",
  "description": null,
  "previous_balance": "525.87",
  "current_billing": "657.24",
  "total_amount_due": "657.24",
  "balance": null,
  "payments_applied": [
    {
      "payment_date": "November 20 2025",
      "payment_amount": "525.87"
    }
  ],
  "contact_info": {
    "website": "pse.com",
    "email": "customercare@pse.com",
    "phone_number": "1-888-225-5773"
  },
  "late_payment_fee": {
    "percentage": "1%",
    "description": "A late payment fee of 1% per month will apply to past due charges, if any, and amounts unpaid more than 10 business days after the statement due date."
  },
  "late_fee_info": {
    "latefee_applied": null,
    "latefee_date": null,
    "latefee_amount": null,
    "latefee_by_duedate_percentage": null,
    "latefee_by_duedate": null,
    "total_amount_with_latefee_by_duedate": null
  },
  "meters": [
    {
      "meter_number": "1378910",
      "service_type": "gas",
      "start_date": "October 29 2025",
      "service_from_date": "October 29 2025",
      "start_read": "33561",
      "previous_reading": "33561",
      "previous_reading_type": "Actual",
      "end_date": "November 25 2025",
      "service_to_date": "November 25 2025",
      "end_read": "33980",
      "current_reading": "33980",
      "current_reading_type": "Actual",
      "multiplier": "1",
      "usage": "419.168",
      "uom": "Therms",
      "meter_read_type": "Actual",
      "charge_details": [
        {
          "category": "Basic Charge",
          "description": "Basic Charge",
          "rate": null,
          "rate_x_unit": "$50.56 per month",
          "charge": "50.56",
          "amount": "50.56"
        },
        {
          "category": "Natural Gas Delivery Charges",
          "description": "Delivery Charge (10/30/2025 - 10/31/2025)",
          "rate": "0.896180",
          "rate_x_unit": "34.139 Therms",
          "charge": "30.59",
          "amount": "30.59"
        },
        {
          "category": "Natural Gas Delivery Charges",
          "description": "Delivery Charge (11/1/2025 - 11/25/2025)",
          "rate": "0.913190",
          "rate_x_unit": "247.846 Therms",
          "charge": "390.71",
          "amount": "390.71"
        },
        {
          "category": "Gas Cost",
          "description": "Gas Cost (10/30/2025 - 10/31/2025)",
          "rate": "0.488800",
          "rate_x_unit": "34.139 Therms",
          "charge": "16.66",
          "amount": "16.66"
        },
        {
          "category": "Gas Cost",
          "description": "Gas Cost (11/1/2025 - 11/25/2025)",
          "rate": "0.425380",
          "rate_x_unit": "247.846 Therms",
          "charge": "181.97",
          "amount": "181.97"
        },
        {
          "category": "Gas Cons. Program Charge",
          "description": "Gas Cons. Program Charge",
          "rate": "0.042960",
          "rate_x_unit": "461.985 Therms",
          "charge": "19.85",
          "amount": "19.85"
        },
        {
          "category": "Other Natural Gas Charges & Credits",
          "description": "Merger Credit",
          "rate": "0.000000",
          "rate_x_unit": "461.985 Therms",
          "charge": "0.00",
          "amount": "0.00"
        }
      ],
      "other_charges_and_credits": [
        {
          "category": "State Carbon Reduction Credit",
          "description": "State Carbon Reduction Credit (10/30/2025 - 10/31/2025)",
          "rate": "-55.600000",
          "rate_x_unit": null,
          "charge": "-5.50",
          "amount": "-5.50"
        },
        {
          "category": "State Carbon Reduction Credit",
          "description": "State Carbon Reduction Credit (11/1/2025 - 11/25/2025)",
          "rate": "-79.690000",
          "rate_x_unit": null,
          "charge": "-68.95",
          "amount": "-68.95"
        }
      ],
      "taxes": [
        {
          "description": "Effect of Seattle City Tax",
          "rate": "6.714%",
          "charge": "41.35"
        },
        {
          "description": "State Utility Tax",
          "rate": "3.852%",
          "charge": "0.00"
        }
      ],
      "total_current_gas_charges": "657.24"
    }
  ],
  "service_types": [
    {
      "service_name": "gas Service - Meter 1378910",
      "current_service": "657.24",
      "service_from_date": "October 29 2025",
      "service_to_date": "November 25 2025",
      "previous_reading": "33561",
      "current_reading": "33980",
      "line_item_charges": [
        {
          "category": "Basic Charge",
          "description": "Basic Charge",
          "rate": null,
          "amount": "50.56",
          "meter_number": "1378910",
          "usage": "419.168",
          "uom": "Therms",
          "previous_reading": "33561",
          "previous_reading_type": "Actual",
          "current_reading": "33980",
          "current_reading_type": "Actual",
          "usage_multiplier": "1"
        },
        {
          "category": "Natural Gas Delivery Charges",
          "description": "Delivery Charge (10/30/2025 - 10/31/2025)",
          "rate": "0.896180",
          "amount": "30.59",
          "meter_number": "1378910",
          "usage": "419.168",
          "uom": "Therms",
          "previous_reading": "33561",
          "previous_reading_type": "Actual",
          "current_reading": "33980",
          "current_reading_type": "Actual",
          "usage_multiplier": "1"
        },
        {
          "category": "Natural Gas Delivery Charges",
          "description": "Delivery Charge (11/1/2025 - 11/25/2025)",
          "rate": "0.913190",
          "amount": "390.71",
          "meter_number": "1378910",
          "usage": "419.168",
          "uom": "Therms",
          "previous_reading": "33561",
          "previous_reading_type": "Actual",
          "current_reading": "33980",
          "current_reading_type": "Actual",
          "usage_multiplier": "1"
        },
        {
          "category": "Gas Cost",
          "description": "Gas Cost (10/30/2025 - 10/31/2025)",
          "rate": "0.488800",
          "amount": "16.66",
          "meter_number": "1378910",
          "usage": "419.168",
          "uom": "Therms",
          "previous_reading": "33561",
          "previous_reading_type": "Actual",
          "current_reading": "33980",
          "current_reading_type": "Actual",
          "usage_multiplier": "1"
        },
        {
          "category": "Gas Cost",
          "description": "Gas Cost (11/1/2025 - 11/25/2025)",
          "rate": "0.425380",
          "amount": "181.97",
          "meter_number": "1378910",
          "usage": "419.168",
          "uom": "Therms",
          "previous_reading": "33561",
          "previous_reading_type": "Actual",
          "current_reading": "33980",
          "current_reading_type": "Actual",
          "usage_multiplier": "1"
        },
        {
          "category": "Gas Cons. Program Charge",
          "description": "Gas Cons. Program Charge",
          "rate": "0.042960",
          "amount": "19.85",
          "meter_number": "1378910",
          "usage": "419.168",
          "uom": "Therms",
          "previous_reading": "33561",
          "previous_reading_type": "Actual",
          "current_reading": "33980",
          "current_reading_type": "Actual",
          "usage_multiplier": "1"
        },
        {
          "category": "Other Natural Gas Charges & Credits",
          "description": "Merger Credit",
          "rate": "0.000000",
          "amount": "0.00",
          "meter_number": "1378910",
          "usage": "419.168",
          "uom": "Therms",
          "previous_reading": "33561",
          "previous_reading_type": "Actual",
          "current_reading": "33980",
          "current_reading_type": "Actual",
          "usage_multiplier": "1"
        },
        {
          "category": "State Carbon Reduction Credit",
          "description": "State Carbon Reduction Credit (10/30/2025 - 10/31/2025)",
          "rate": "-55.600000",
          "amount": "-5.50",
          "meter_number": "1378910",
          "usage": "419.168",
          "uom": "Therms",
          "previous_reading": "33561",
          "previous_reading_type": "Actual",
          "current_reading": "33980",
          "current_reading_type": "Actual",
          "usage_multiplier": "1"
        },
        {
          "category": "State Carbon Reduction Credit",
          "description": "State Carbon Reduction Credit (11/1/2025 - 11/25/2025)",
          "rate": "-79.690000",
          "amount": "-68.95",
          "meter_number": "1378910",
          "usage": "419.168",
          "uom": "Therms",
          "previous_reading": "33561",
          "previous_reading_type": "Actual",
          "current_reading": "33980",
          "current_reading_type": "Actual",
          "usage_multiplier": "1"
        },
        {
          "category": "Effect of Seattle City Tax",
          "description": "Effect of Seattle City Tax",
          "rate": "6.714%",
          "amount": "41.35",
          "meter_number": "1378910",
          "usage": null,
          "uom": null,
          "previous_reading": null,
          "previous_reading_type": null,
          "current_reading": null,
          "current_reading_type": null,
          "usage_multiplier": null
        },
        {
          "category": "State Utility Tax",
          "description": "State Utility Tax",
          "rate": "3.852%",
          "amount": "0.00",
          "meter_number": "1378910",
          "usage": null,
          "uom": null,
          "previous_reading": null,
          "previous_reading_type": null,
          "current_reading": null,
          "current_reading_type": null,
          "usage_multiplier": null
        }
      ],
      "current_service_validation": {
        "is_valid": true,
        "current_service_amount": 657.24,
        "line_items_total": 657.24,
        "difference": 0.0,
        "line_items": [
          {
            "category": "Basic Charge",
            "amount": 50.56
          },
          {
            "category": "Natural Gas Delivery Charges",
            "amount": 30.59
          },
          {
            "category": "Natural Gas Delivery Charges",
            "amount": 390.71
          },
          {
            "category": "Gas Cost",
            "amount": 16.66
          },
          {
            "category": "Gas Cost",
            "amount": 181.97
          },
          {
            "category": "Gas Cons. Program Charge",
            "amount": 19.85
          },
          {
            "category": "Other Natural Gas Charges & Credits",
            "amount": 0.0
          },
          {
            "category": "State Carbon Reduction Credit",
            "amount": -5.5
          },
          {
            "category": "State Carbon Reduction Credit",
            "amount": -68.95
          },
          {
            "category": "Effect of Seattle City Tax",
            "amount": 41.35
          },
          {
            "category": "State Utility Tax",
            "amount": 0.0
          }
        ],
        "reason": "Line items ($657.24) matches Current Service ($657.24)"
      }
    }
  ],
  "taxes": {
    "per_service_taxes": [],
    "global_taxes": []
  },
  "current_adjustments": null,
  "payment_information": {
    "payment_date": null,
    "payment_amount": null
  },
  "adjustments": [],
  "billing_validation": {
    "is_valid": true,
    "total_amount_due": 657.24,
    "meters_total": 657.24,
    "difference": 0.0,
    "meters": [
      {
        "meter_number": "1378910",
        "amount": 657.24
      }
    ],
    "reason": "Sum of all meters ($657.24) matches Total Amount Due ($657.24)"
  },
  "source_file": "ViewFullPdfBill_001.pdf"
}