{
  "provider_name": "Puget Sound Energy",
  "provider_website": "pse.com",
  "provider_customer_service_phone": "1-888-225-5773",
  "provider_customer_service_email": "customercare@pse.com",
  "provider_address": null,
  "provider_return_address": "P.O. Box 91269, Bellevue, WA 98009-9269",
  "account_number": "220024035879",
  "account_type": "gas",
  "customer_name": "PARKHURST PROPERTIES LLC",
  "service_address": "1107 E REPUBLICAN ST, Seattle",
  "billing_address": "2633 EASTLAKE AVE E STE 307, SEATTLE WA 98102-3231",
  "bill_date": "December 5, 2025",
  "bill_number": null,
  "bill_type": null,
  "total_amount_due_date": "December 26, 2025",
  "number_of_days": "29",
  "service_days": "29",
  "description": null,
  "previous_balance": "551.09",
  "current_billing": "637.36",
  "total_amount_due": "637.36",
  "balance": null,
  "payments_applied": [
    {
      "payment_date": "November 20, 2025",
      "payment_amount": "551.09"
    }
  ],
  "contact_info": {
    "website": "pse.com",
    "email": "customercare@pse.com",
    "phone_number": "1-888-225-5773"
  },
  "late_payment_fee": {
    "percentage": "1%",
    "description": "A late payment fee of 1% per month will apply to past due charges, if any, and amounts unpaid more than 10 business days after the statement due date."
  },
  "late_fee_info": {
    "latefee_applied": null,
    "latefee_date": null,
    "latefee_amount": null,
    "latefee_by_duedate_percentage": null,
    "latefee_by_duedate": null,
    "total_amount_with_latefee_by_duedate": null
  },
  "meters": [
    {
      "meter_number": "950228",
      "service_type": "Natural Gas",
      "start_date": "11/5",
      "service_from_date": "11/5",
      "start_read": "28032",
      "previous_reading": "28032",
      "previous_reading_type": "Actual",
      "end_date": "12/4",
      "service_to_date": "12/4",
      "end_read": "28432",
      "current_reading": "28432",
      "current_reading_type": "Actual",
      "multiplier": "1.1200",
      "usage": "448",
      "uom": "Therms",
      "meter_read_type": "Actual",
      "charge_details": [
        {
          "category": "Basic Charge",
          "description": "Basic Charge",
          "rate": null,
          "rate_x_unit": "$50.56 per month",
          "charge": "50.56",
          "amount": "50.56"
        },
        {
          "category": "Natural Gas Delivery Charges",
          "description": "Delivery Charge",
          "rate": "0.913190",
          "rate_x_unit": "448.000 Therms",
          "charge": "409.11",
          "amount": "409.11"
        },
        {
          "category": "Natural Gas Delivery Charges",
          "description": "Gas Cost",
          "rate": "0.425310",
          "rate_x_unit": "448.000 Therms",
          "charge": "190.54",
          "amount": "190.54"
        },
        {
          "category": "Natural Gas Delivery Charges",
          "description": "Gas Cons. Program Charge",
          "rate": "0.042960",
          "rate_x_unit": "448.000 Therms",
          "charge": "19.25",
          "amount": "19.25"
        }
      ],
      "other_charges_and_credits": [
        {
          "category": "Merger Credit",
          "description": "Merger Credit",
          "rate": null,
          "rate_x_unit": "0.000000 448.000 Therms",
          "charge": "0.00",
          "amount": "0.00"
        },
        {
          "category": "State Carbon Reduction Credit",
          "description": "State Carbon Reduction Credit",
          "rate": null,
          "rate_x_unit": "-79.690000 1",
          "charge": "-72.20",
          "amount": "-72.20"
        }
      ],
      "taxes": [
        {
          "description": "Effect of Seattle City Tax",
          "rate": "6.714%",
          "charge": "40.10"
        },
        {
          "description": "State Utility Tax ($24.55 included in above charges)",
          "rate": "3.852%",
          "charge": "0.00"
        }
      ],
      "total_current_gas_charges": "637.36"
    }
  ],
  "service_types": [
    {
      "service_name": "gas Service - Meter 950228",
      "current_service": "637.36",
      "service_from_date": "11/5",
      "service_to_date": "12/4",
      "previous_reading": "28032",
      "current_reading": "28432",
      "line_item_charges": [
        {
          "category": "Basic Charge",
          "description": "Basic Charge",
          "rate": null,
          "amount": "50.56",
          "meter_number": "950228",
          "usage": "448",
          "uom": "Therms",
          "previous_reading": "28032",
          "previous_reading_type": "Actual",
          "current_reading": "28432",
          "current_reading_type": "Actual",
          "usage_multiplier": "1.1200"
        },
        {
          "category": "Natural Gas Delivery Charges",
          "description": "Delivery Charge",
          "rate": "0.913190",
          "amount": "409.11",
          "meter_number": "950228",
          "usage": "448",
          "uom": "Therms",
          "previous_reading": "28032",
          "previous_reading_type": "Actual",
          "current_reading": "28432",
          "current_reading_type": "Actual",
          "usage_multiplier": "1.1200"
        },
        {
          "category": "Natural Gas Delivery Charges",
          "description": "Gas Cost",
          "rate": "0.425310",
          "amount": "190.54",
          "meter_number": "950228",
          "usage": "448",
          "uom": "Therms",
          "previous_reading": "28032",
          "previous_reading_type": "Actual",
          "current_reading": "28432",
          "current_reading_type": "Actual",
          "usage_multiplier": "1.1200"
        },
        {
          "category": "Natural Gas Delivery Charges",
          "description": "Gas Cons. Program Charge",
          "rate": "0.042960",
          "amount": "19.25",
          "meter_number": "950228",
          "usage": "448",
          "uom": "Therms",
          "previous_reading": "28032",
          "previous_reading_type": "Actual",
          "current_reading": "28432",
          "current_reading_type": "Actual",
          "usage_multiplier": "1.1200"
        },
        {
          "category": "Merger Credit",
          "description": "Merger Credit",
          "rate": null,
          "amount": "0.00",
          "meter_number": "950228",
          "usage": "448",
          "uom": "Therms",
          "previous_reading": "28032",
          "previous_reading_type": "Actual",
          "current_reading": "28432",
          "current_reading_type": "Actual",
          "usage_multiplier": "1.1200"
        },
        {
          "category": "State Carbon Reduction Credit",
          "description": "State Carbon Reduction Credit",
          "rate": null,
          "amount": "-72.20",
          "meter_number": "950228",
          "usage": "448",
          "uom": "Therms",
          "previous_reading": "28032",
          "previous_reading_type": "Actual",
          "current_reading": "28432",
          "current_reading_type": "Actual",
          "usage_multiplier": "1.1200"
        },
        {
          "category": "Effect of Seattle City Tax",
          "description": "Effect of Seattle City Tax",
          "rate": "6.714%",
          "amount": "40.10",
          "meter_number": "950228",
          "usage": null,
          "uom": null,
          "previous_reading": null,
          "previous_reading_type": null,
          "current_reading": null,
          "current_reading_type": null,
          "usage_multiplier": null
        },
        {
          "category": "State Utility Tax ($24.55 included in above charges)",
          "description": "State Utility Tax ($24.55 included in above charges)",
          "rate": "3.852%",
          "amount": "0.00",
          "meter_number": "950228",
          "usage": null,
          "uom": null,
          "previous_reading": null,
          "previous_reading_type": null,
          "current_reading": null,
          "current_reading_type": null,
          "usage_multiplier": null
        }
      ],
      "current_service_validation": {
        "is_valid": true,
        "current_service_amount": 637.36,
        "line_items_total": 637.36,
        "difference": 0.0,
        "line_items": [
          {
            "category": "Basic Charge",
            "amount": 50.56
          },
          {
            "category": "Natural Gas Delivery Charges",
            "amount": 409.11
          },
          {
            "category": "Natural Gas Delivery Charges",
            "amount": 190.54
          },
          {
            "category": "Natural Gas Delivery Charges",
            "amount": 19.25
          },
          {
            "category": "Merger Credit",
            "amount": 0.0
          },
          {
            "category": "State Carbon Reduction Credit",
            "amount": -72.2
          },
          {
            "category": "Effect of Seattle City Tax",
            "amount": 40.1
          },
          {
            "category": "State Utility Tax ($24.55 included in above charges)",
            "amount": 0.0
          }
        ],
        "reason": "Line items ($637.36) matches Current Service ($637.36)"
      }
    }
  ],
  "taxes": {
    "per_service_taxes": [],
    "global_taxes": []
  },
  "current_adjustments": null,
  "payment_information": {
    "payment_date": null,
    "payment_amount": null
  },
  "adjustments": [],
  "billing_validation": {
    "is_valid": true,
    "total_amount_due": 637.36,
    "meters_total": 637.36,
    "difference": 0.0,
    "meters": [
      {
        "meter_number": "950228",
        "amount": 637.36
      }
    ],
    "reason": "Sum of all meters ($637.36) matches Total Amount Due ($637.36)"
  },
  "source_file": "ViewBillPdf_002.pdf"
}